model,avg_MAE_mean,avg_RMSE_mean,avg_MAPE_percent_mean,std_MAE_mean,worst_MAE_mean,average_Skill_MAE_vs_persistence,average_MAE_improvement_vs_cpmlp,average_MAE_improvement_percent_vs_cpmlp,average_Skill_MAE_vs_cpmlp,horizons_evaluated,selected,selection_rule
cpmlp_gru_fusion,0.001923305731193692,0.006298799779081809,0.20890065299697771,0.0015938377495106474,0.0036003683127608954,0.20242364991921646,8.399560560587957e-05,3.131042646082705,0.03131042646082706,3,True,lowest_avg_validation_MAE_then_RMSE_MAPE_stdMAE_skill
cpmlp_cpdsconv_fusion,0.001940947147755841,0.006426674380675308,0.211379904941578,0.00158535304306246,0.0036035694328008915,0.18703580995667127,6.635418904373066e-05,1.5155366795600973,0.01515536679560097,3,False,lowest_avg_validation_MAE_then_RMSE_MAPE_stdMAE_skill
cpmlp_cpgru_fusion,0.0019642371757357725,0.006597765532009453,0.21400545205482854,0.0016132624379246484,0.0036498734764024324,0.1876964377445418,4.306416106379882e-05,1.4288129097377913,0.014288129097377927,3,False,lowest_avg_validation_MAE_then_RMSE_MAPE_stdMAE_skill
cpmlp_dsconv_fusion,0.0019654943272958392,0.006412946944449458,0.21388619507977932,0.001630823987270141,0.0036711803838318465,0.19408633602401718,4.180700950373231e-05,2.1240635835249653,0.021240635835249672,3,False,lowest_avg_validation_MAE_then_RMSE_MAPE_stdMAE_skill
cpmlp,0.0020073013367995717,0.006403932902008326,0.2178782668140545,0.0016798409060956327,0.003773157503090653,0.17734725488107547,0.0,0.0,0.0,3,False,lowest_avg_validation_MAE_then_RMSE_MAPE_stdMAE_skill
cpdsconv,0.0022122018477495975,0.007636180148972962,0.24149841436788178,0.0018287861418168864,0.004130085893705779,0.08015210414482511,-0.00020490051095002623,-11.76116413589614,-0.11761164135896142,3,False,lowest_avg_validation_MAE_then_RMSE_MAPE_stdMAE_skill
cpgru,0.002234926995109109,0.007510024058959588,0.24355783136029596,0.0018498517857012545,0.004171368538164625,0.07695527556179672,-0.0002276256583095376,-12.2311609586493,-0.122311609586493,3,False,lowest_avg_validation_MAE_then_RMSE_MAPE_stdMAE_skill
persistence,0.002631690572289859,0.007931895608306705,0.28503526572099364,0.0024511577666046463,0.005297646218655156,0.0,-0.0006243892354902879,-23.375345070584956,-0.23375345070584963,3,False,lowest_avg_validation_MAE_then_RMSE_MAPE_stdMAE_skill
